City_ID,City,Lat,Lng,Max Temp,Humidity,Cloudiness,Wind Speed,Country,Date
0,waitangi,-43.9535,-176.5597,11.57,89,24,1.79,NZ,1717914496
1,lazaro cardenas,17.9583,-102.2,26.15,78,71,1.64,MX,1717914440
2,stanley,54.868,-1.6985,10.99,78,20,8.23,GB,1717914499
3,bredasdorp,-34.5322,20.0403,8.62,89,0,1.39,ZA,1717914500
4,nabire,-3.3667,135.4833,29.54,73,64,1.77,ID,1717914501
5,santana,-0.0583,-51.1817,25.1,100,100,2.57,BR,1717914502
6,ushuaia,-54.8,-68.3,-1.19,80,0,3.09,AR,1717914471
7,linxia chengguanzhen,35.6003,103.2064,23.89,33,47,1.84,CN,1717914505
8,port-aux-francais,-49.35,70.2167,6.37,97,100,13.07,TF,1717914506
9,morehead city,34.7229,-76.726,24.45,84,0,1.54,US,1717914510
10,balaipungut,1.05,101.2833,29.06,83,98,1.28,ID,1717914511
11,tete,-16.1564,33.5867,22.05,53,75,3.6,MZ,1717914459
12,dikhil,11.5,42.1667,33.44,30,42,3.3,DJ,1717914514
13,grytviken,-54.2811,-36.5092,-1.08,83,100,6.3,GS,1717914515
14,saucillo,28.0167,-105.2833,25.6,36,97,4.57,MX,1717914516
15,fada,9.5667,8.3,21.17,91,100,1.42,NG,1717914518
16,jashpurnagar,22.9,84.15,39.35,18,70,3.11,IN,1717914519
17,hithadhoo,-0.6,73.0833,28.7,72,47,3.21,MV,1717914520
18,ta`u,-14.2336,-169.5144,26.48,70,91,9.33,AS,1717914521
19,benghazi,32.1167,20.0667,24.05,63,0,3.87,LY,1717914446
20,saint-pol-de-leon,48.6833,-3.9833,15.44,71,20,2.68,FR,1717914523
21,iqaluit,63.7506,-68.5145,-0.15,80,100,4.12,CA,1717914525
22,aberdeen,57.1437,-2.0981,10.11,72,75,7.2,GB,1717914526
23,puerto natales,-51.7236,-72.4875,-1.02,92,93,3.23,CL,1717914527
24,antsiranana,-12.2787,49.2917,28.42,44,20,5.14,MG,1717914528
25,bilibino,68.0546,166.4372,13.21,34,1,3.97,RU,1717914529
26,shkoder,42.0683,19.5126,24.1,59,50,0.7,AL,1717914530
27,constantia,44.1833,28.65,27.38,57,28,2.24,RO,1717914348
28,gadzhiyevo,69.2551,33.3362,5.12,79,98,4.67,RU,1717914532
29,semera,11.501,41.201,33.25,30,85,2.99,ET,1717914535
30,east london,-33.0153,27.9116,9.52,93,0,2.06,ZA,1717914366
31,blackmans bay,-43.0167,147.3167,9.29,80,73,2.23,AU,1717914537
32,flin flon,54.7682,-101.865,4.89,96,100,1.95,CA,1717914538
33,ilulissat,69.2167,-51.1,4.01,81,75,0.51,GL,1717914540
34,tromso,69.6496,18.957,11.01,76,0,0.0,NO,1717914541
35,banda aceh,5.5577,95.3222,30.98,66,89,7.1,ID,1717914300
36,wailua homesteads,22.0669,-159.378,27.24,87,20,6.17,US,1717914543
37,talnakh,69.4865,88.3972,1.78,85,54,4.43,RU,1717914545
38,udachny,66.4167,112.4,21.36,33,76,3.85,RU,1717914546
39,college,64.8569,-147.8028,25.18,30,75,2.57,US,1717914547
40,adamstown,-25.066,-130.1015,22.38,78,72,5.57,PN,1717914548
41,kasempa,-13.4584,25.8338,15.89,68,55,5.13,ZM,1717914550
42,invercargill,-46.4,168.35,8.9,92,97,3.9,NZ,1717914551
43,tiksi,71.6872,128.8694,1.67,87,100,4.11,RU,1717914552
44,boyolangu,-8.1181,111.8935,27.35,83,95,4.7,ID,1717914553
45,isafjordur,66.0755,-23.124,4.71,87,79,1.39,IS,1717914554
46,dudinka,69.4058,86.1778,2.01,88,58,1.28,RU,1717914555
47,kenai,60.5544,-151.2583,16.75,46,100,10.8,US,1717914556
48,west island,-12.1568,96.8225,29.99,70,40,6.17,CC,1717914558
49,kargasok,59.0556,80.8572,17.76,46,98,6.71,RU,1717914559
50,port elizabeth,-33.918,25.5701,7.16,93,0,1.54,ZA,1717914312
51,bethel,41.3712,-73.414,18.2,79,20,1.54,US,1717914561
52,port mathurin,-19.6833,63.4167,23.97,80,36,7.99,MU,1717914562
53,jamestown,42.097,-79.2353,14.18,92,100,0.89,US,1717914563
54,uribia,11.7139,-72.266,28.2,76,35,5.66,CO,1717914565
55,conde,-7.2597,-34.9075,23.7,100,75,2.06,BR,1717914566
56,rikaze,29.25,88.8833,22.71,20,0,0.27,CN,1717914567
57,kendallville,41.4414,-85.265,14.55,96,100,2.06,US,1717914568
58,hobyo,5.3505,48.5268,29.13,65,74,10.88,SO,1717914570
59,hawaiian paradise park,19.5933,-154.9731,25.73,74,100,2.06,US,1717914571
60,tabas,33.5959,56.9244,33.78,11,0,1.85,IR,1717914572
61,kununurra,-15.7667,128.7333,27.99,23,2,3.6,AU,1717914573
62,tura,25.5198,90.2201,32.09,65,59,3.13,IN,1717914574
63,whitehorse,60.7161,-135.0538,19.43,28,75,2.06,CA,1717914576
64,geneina,13.45,22.45,27.78,55,25,6.71,SD,1717914577
65,papatowai,-46.5619,169.4708,9.83,91,96,3.01,NZ,1717914578
66,zaigrayevo,51.8336,108.2703,29.57,26,74,3.68,RU,1717914579
67,codrington,-38.2667,141.9667,12.7,71,62,3.64,AU,1717914580
68,cabo san lucas,22.8909,-109.9124,20.42,81,10,5.51,MX,1717914500
69,catriel,-37.8791,-67.7956,13.72,70,76,4.95,AR,1717914583
70,miranda,3.2499,-76.2281,20.07,83,92,1.19,CO,1717914584
71,smithfield,41.922,-71.5495,17.9,85,0,2.06,US,1717914368
72,ketchikan,55.3422,-131.6461,13.26,71,100,1.54,US,1717914586
73,kodiak,57.79,-152.4072,7.73,93,100,8.23,US,1717914588
74,edinburgh of the seven seas,-37.0676,-12.3116,15.72,93,100,14.66,SH,1717914589
75,kailua-kona,19.6406,-155.9956,27.0,91,75,1.54,US,1717914590
76,vernal,40.4555,-109.5287,20.92,42,0,0.0,US,1717914591
77,nadi,-17.8,177.4167,27.0,61,75,3.6,FJ,1717914593
78,yeppoon,-23.1333,150.7333,24.88,53,1,3.29,AU,1717914594
79,atafu village,-8.5421,-172.5159,28.53,75,100,2.54,TK,1717914595
80,utrik,11.2278,169.8474,28.67,79,20,4.65,MH,1717914596
81,holualoa,19.6228,-155.9522,24.93,84,75,1.54,US,1717914597
82,praia da vitoria,38.7333,-27.0667,19.14,88,40,4.64,PT,1717914603
83,freetown,8.484,-13.2299,24.84,94,75,1.54,SL,1717914389
84,ola,59.5833,151.2833,8.41,84,96,4.33,RU,1717914607
85,la ronge,55.1001,-105.2842,6.14,81,100,2.57,CA,1717914609
86,general conesa,-40.1,-64.4333,15.8,91,100,3.55,AR,1717914610
87,hamilton,39.1834,-84.5333,22.07,76,40,4.47,US,1717914612
88,baruun-urt,46.6806,113.2792,30.18,15,32,5.64,MN,1717914613
89,plainville,41.6745,-72.8582,17.09,84,0,0.45,US,1717914615
90,albany,42.6001,-73.9662,17.18,71,100,1.76,US,1717914617
91,wewak,-3.5534,143.6268,29.17,73,56,3.55,PG,1717914618
92,enewetak,11.3474,162.3373,28.31,84,100,6.35,MH,1717914620
93,ust-nera,64.5667,143.2,11.47,27,99,2.05,RU,1717914621
94,mossel bay,-34.1831,22.146,7.96,66,0,1.4,ZA,1717914622
95,happy valley-goose bay,53.3168,-60.3315,13.17,94,0,3.09,CA,1717914624
96,savanna-la-mar,18.219,-78.1332,26.97,90,100,3.93,JM,1717914625
97,berezovyy,51.6667,135.7,17.6,68,100,2.2,RU,1717914626
98,vila velha,-20.3297,-40.2925,18.97,100,0,1.03,BR,1717914628
99,kolonia town,6.964,158.206,27.0,89,100,1.54,FM,1717914633
100,coquimbo,-29.9533,-71.3436,13.85,73,100,3.6,CL,1717914481
101,avarua,-21.2078,-159.775,22.03,60,20,2.57,CK,1717914596
102,bridgewater,44.3835,-64.5155,12.84,97,17,5.66,CA,1717914636
103,uthal,25.8072,66.6219,36.65,39,0,2.62,PK,1717914638
104,yellowknife,62.456,-114.3525,11.34,69,75,1.03,CA,1717914583
105,hadibu,12.65,54.0333,30.77,66,24,9.48,YE,1717914640
106,nuuk,64.1835,-51.7216,3.34,100,100,9.77,GL,1717914360
107,parry sound,45.3501,-80.033,13.03,88,91,3.4,CA,1717914644
108,san andres,12.5847,-81.7006,28.01,89,20,1.03,CO,1717914508
109,chonchi,-42.6128,-73.8092,9.56,94,100,2.11,CL,1717914646
110,margaret river,-33.95,115.0667,15.91,63,100,11.17,AU,1717914647
111,vilyuchinsk,52.9306,158.4028,14.15,73,100,4.1,RU,1717914616
112,qaqortoq,60.7167,-46.0333,4.35,98,100,0.7,GL,1717914655
113,touros,-5.1989,-35.4608,24.07,93,90,5.19,BR,1717914656
114,tavda,58.0425,65.2726,18.72,53,73,2.68,RU,1717914616
115,nemuro,43.3236,145.575,11.31,89,100,6.62,JP,1717914442
116,karagandy,49.8019,73.1021,26.97,35,45,6.11,KZ,1717914494
117,ribeira grande,38.5167,-28.7,19.22,77,40,3.09,PT,1717914661
118,kananga,-5.8958,22.4178,26.45,31,100,3.42,CD,1717914662
119,lodwar,3.1191,35.5973,28.7,48,93,4.93,KE,1717914663
120,port blair,11.6667,92.75,29.02,79,75,4.12,IN,1717914478
121,tazovsky,67.4667,78.7,5.65,71,0,4.37,RU,1717914666
122,guenange,49.2995,6.2075,16.34,73,5,0.89,FR,1717914669
123,es castell,39.8795,4.2854,22.38,88,40,6.17,ES,1717914672
124,pisco,-13.7,-76.2167,17.03,88,100,2.57,PE,1717914568
125,karakocan,38.9558,40.0386,24.7,46,0,0.65,TR,1717914675
126,lorengau,-2.0226,147.2712,29.57,73,8,3.53,PG,1717914676
127,kerikeri,-35.2268,173.9474,17.17,95,100,1.34,NZ,1717914677
128,calatagan,13.8833,120.65,30.06,70,74,2.1,PH,1717914679
129,strasburg,48.5834,7.743,18.01,63,0,4.63,FR,1717914640
130,voranava,54.1483,25.3131,13.13,88,100,5.84,BY,1717914683
131,khandyga,62.6667,135.6,19.94,22,65,2.05,RU,1717914684
132,lubango,-14.9172,13.4925,12.92,58,20,3.09,AO,1717914685
133,warrnambool,-38.3833,142.4833,11.91,72,95,3.25,AU,1717914687
134,kiunga,-6.1219,141.2906,27.95,84,35,1.93,PG,1717914689
135,tharyarwady,17.65,95.8,33.9,54,100,2.42,MM,1717914691
136,an nuhud,12.7,28.4333,31.79,43,51,7.56,SD,1717914692
137,saipan,15.1355,145.701,32.39,62,40,6.17,MP,1717914608
138,mana,5.6592,-53.7767,24.55,90,91,2.26,GF,1717914694
139,port lincoln,-34.7333,135.8667,16.66,49,100,2.18,AU,1717914666
140,nadym,65.5333,72.5167,9.42,53,1,2.37,RU,1717914697
141,bagua grande,-5.7561,-78.4411,24.09,81,98,0.57,PE,1717914699
142,akureyri,65.6835,-18.0878,3.96,93,100,1.03,IS,1717914484
143,carnarvon,-24.8667,113.6333,23.98,70,100,7.84,AU,1717914701
144,punta gorda,26.9298,-82.0454,28.89,87,0,0.0,US,1717914702
145,jiagedaqi,50.4167,124.1167,24.67,20,100,1.38,CN,1717914692
146,petropavlovsk-kamchatsky,53.0452,158.6483,13.33,63,75,6.26,RU,1717914450
147,sabang,5.8933,95.3214,29.44,71,71,8.87,ID,1717914560
148,colonia,50.9333,6.95,15.7,76,20,1.54,DE,1717914707
149,thompson,55.7435,-97.8558,5.09,70,20,2.06,CA,1717914708
150,olonkinbyen,70.9221,-8.7187,1.66,94,100,6.92,SJ,1717914709
151,northam,51.0333,-4.2167,12.01,81,5,5.66,GB,1717914711
152,arkhangel'sk,64.5401,40.5433,11.18,100,100,3.0,RU,1717914712
153,hermanus,-34.4187,19.2345,10.45,78,0,3.25,ZA,1717914584
154,labrador city,52.9463,-66.9114,15.66,55,0,3.09,CA,1717914714
155,bargaal,11.2864,51.0773,36.07,37,0,5.93,SO,1717914716
156,lihue,21.9789,-159.3672,27.58,84,20,6.17,US,1717914717
157,jaru,-10.4389,-62.4664,20.53,67,0,1.04,BR,1717914702
158,tsiombe,-25.3,45.4833,18.61,60,93,6.25,MG,1717914719
159,porkhov,57.765,29.5561,15.68,60,77,3.36,RU,1717914543
160,lionel town,17.8101,-77.2406,28.94,90,100,3.99,JM,1717914721
161,uttarkashi,30.7333,78.45,35.13,18,5,3.27,IN,1717914723
162,mount pearl,47.5166,-52.7813,8.51,97,100,3.6,CA,1717914726
163,mandalgovi,45.7625,106.2708,28.65,8,100,7.67,MN,1717914728
164,grand forks,47.9417,-97.4337,12.96,67,0,4.12,US,1717914729
165,haiku-pauwela,20.9219,-156.3051,23.91,80,40,6.69,US,1717914730
166,iskateley,67.6803,53.1512,1.68,86,100,2.68,RU,1717914731
167,okhotsk,59.3833,143.3,7.42,77,50,4.18,RU,1717914733
168,qamdo,31.1667,97.2333,16.26,33,97,2.18,CN,1717914734
169,ikwiriri,-7.9562,38.9716,27.51,53,70,4.49,TZ,1717914735
170,afaahiti,-17.75,-149.2833,24.93,87,80,6.34,PF,1717914736
171,greymouth,-42.4667,171.2,13.43,98,100,4.78,NZ,1717914590
172,gaigeturi,33.4644,126.3183,23.03,73,40,2.57,KR,1717914739
173,vydrino,51.485,104.8461,12.73,73,66,1.63,RU,1717914740
174,badger,64.8,-147.5333,25.14,23,75,2.57,US,1717914741
175,obiaruku,5.8467,6.1526,25.37,92,85,0.47,NG,1717914742
176,bamboo flat,11.7,92.7167,29.05,79,75,4.12,IN,1717914744
177,xichang,27.8964,102.2634,23.84,63,87,2.32,CN,1717914745
178,trutnov,50.561,15.9127,20.72,75,43,1.81,CZ,1717914746
179,island harbour,50.724,-1.2758,12.95,81,1,0.45,GB,1717914747
180,kingston,17.997,-76.7936,28.53,70,20,4.63,JM,1717914703
181,kamina,-8.7386,24.9906,22.27,37,18,4.94,CD,1717914752
182,apahida,46.8167,23.75,20.08,73,0,3.6,RO,1717914754
183,yashkul',46.1711,45.3435,29.08,31,100,0.85,RU,1717914755
184,bikenibeu village,1.3673,173.1241,28.98,84,40,2.06,KI,1717914757
185,anadyr,64.75,177.4833,3.28,81,37,6.0,RU,1717914644
186,mar del plata,-38.0023,-57.5575,17.27,98,100,3.58,AR,1717914430
187,kapuskasing,49.4169,-82.4331,10.05,87,75,1.03,CA,1717914760
188,kavaratti,10.5669,72.642,27.79,85,74,7.56,IN,1717914761
189,jijel,36.8205,5.7667,22.97,43,0,1.54,DZ,1717914636
190,saint-francois,46.4154,3.9054,15.79,94,100,3.6,FR,1717914763
191,uturoa,-16.7333,-151.4333,27.28,75,8,2.84,PF,1717914764
192,prineville,44.2999,-120.8345,21.06,45,100,2.57,US,1717914766
193,namibe,-15.1961,12.1522,20.58,75,0,1.75,AO,1717914767
194,kudahuvadhoo,2.6708,72.8944,28.69,74,62,4.8,MV,1717914723
195,anton,8.4,-80.2667,28.08,84,83,1.28,PA,1717914769
196,eyl,7.9803,49.8164,32.58,45,99,12.39,SO,1717914770
197,nar'yan-mar,67.6713,53.087,1.73,86,100,2.68,RU,1717914772
198,dzhalagash,45.0833,64.6667,36.6,15,100,3.59,KZ,1717914773
199,tamasi,46.6333,18.2833,20.38,70,99,4.01,HU,1717914775
200,nouadhibou,20.931,-17.0347,19.99,88,0,8.75,MR,1717914776
201,aripuana,-9.1667,-60.6333,20.31,65,43,0.85,BR,1717914687
202,lebu,-37.6167,-73.65,12.19,88,100,6.32,CL,1717914781
203,battambang,13.1027,103.1982,33.24,53,100,5.72,KH,1717914782
204,gebeit,21.0667,36.3167,40.0,14,6,2.54,SD,1717914784
205,el calafate,-50.3408,-72.2768,1.86,98,100,3.98,AR,1717914785
206,kharkhorin,47.1975,102.8238,25.05,26,0,4.28,MN,1717914786
207,aasiaat,68.7098,-52.8699,0.44,89,95,2.29,GL,1717914788
208,mount gambier,-37.8333,140.7667,13.45,55,5,2.5,AU,1717914575
209,san pedro pochutla,15.7333,-96.4667,24.63,91,100,1.23,MX,1717914790
210,cuenca,-2.8833,-78.9833,12.49,99,100,1.21,EC,1717914791
211,al jawf,29.5,38.75,34.58,17,0,4.64,SA,1717914792
212,kharp,66.8014,65.8081,5.95,85,37,1.47,RU,1717914794
213,green river,41.5286,-109.4662,17.33,53,24,1.99,US,1717914795
214,cody,44.5263,-109.0565,18.12,55,0,4.12,US,1717914798
215,new norfolk,-42.7826,147.0587,9.95,65,76,0.71,AU,1717914579
216,mejit,10.2753,170.8646,28.65,77,56,4.6,MH,1717914801
217,san antonio de pale,-1.4014,5.6325,24.69,79,18,5.91,GQ,1717914802
218,port douglas,-16.4833,145.4667,21.84,69,12,5.29,AU,1717914803
219,keflavik,64.0049,-22.5624,7.24,70,0,1.54,IS,1717914804
220,baoqing,46.3317,132.2111,16.87,89,99,2.4,CN,1717914807
221,kapa'a,22.0752,-159.319,27.99,87,20,6.17,US,1717914808
222,primorsko-akhtarsk,46.0497,38.1747,25.03,56,4,2.76,RU,1717914541
223,ballina,-28.8667,153.5667,20.43,62,100,0.7,AU,1717914812
224,mutuali,-14.8706,37.0044,21.3,67,92,2.32,MZ,1717914813
225,north battleford,52.7834,-108.2847,7.05,93,100,2.57,CA,1717914668
226,bodaybo,57.8506,114.1933,18.31,51,13,0.52,RU,1717914625
227,sisimiut,66.9395,-53.6735,1.47,97,100,5.06,GL,1717914818
228,hassi messaoud,31.6804,6.0729,32.92,8,20,3.09,DZ,1717914636
229,coyhaique,-45.5752,-72.0662,3.81,99,100,0.84,CL,1717914615
230,sinabang,2.4803,96.3801,29.14,76,45,2.8,ID,1717914821
231,vorgashor,67.5833,63.95,-1.22,93,44,1.92,RU,1717914634
232,qarauyl,48.9451,79.255,30.63,29,100,4.76,KZ,1717914823
233,el bolson,-41.9667,-71.5167,8.32,97,100,2.33,AR,1717914576
234,georgetown,5.4112,100.3354,32.96,58,20,3.6,MY,1717914600
235,horta,38.5333,-28.6333,18.8,85,40,3.09,PT,1717914827
236,vorkuta,67.5,64.0,-1.05,93,41,0.89,RU,1717914828
237,tazacorte,28.629,-17.9293,19.54,84,75,2.68,ES,1717914829
238,na klang,17.3072,102.1889,31.85,61,100,2.08,TH,1717914830
239,una,20.8167,71.0333,36.62,48,60,2.88,IN,1717914831
240,odessa,46.4775,30.7326,21.56,69,3,2.03,UA,1717914832
241,amurzet,47.6967,131.0981,19.42,72,100,4.38,RU,1717914833
242,mata-utu,-13.2816,-176.1745,28.02,75,87,10.1,WF,1717914835
243,sanibel,26.449,-82.0223,28.9,86,0,1.34,US,1717914836
244,klyuchi,52.2667,79.1667,23.79,62,93,2.35,RU,1717914837
245,kidal,18.4411,1.4078,32.03,34,0,5.57,ML,1717914838
246,yujing,23.1249,120.4614,28.68,65,52,3.13,TW,1717914633
247,conceicao das alagoas,-19.9147,-48.3883,19.88,66,95,2.39,BR,1717914841
248,saint-philippe,-21.3585,55.7679,26.77,78,1,3.81,RE,1717914843
249,obock,12.25,43.0833,33.88,30,5,3.89,DJ,1717914818
250,timbuktu,16.7735,-3.0074,33.4,33,12,5.57,ML,1717914846
251,cidreira,-30.1811,-50.2056,16.81,93,17,2.87,BR,1717914847
252,batangafo,7.3008,18.2833,27.46,62,98,2.22,CF,1717914848
253,papao,-17.75,-149.55,25.82,77,11,3.34,PF,1717914849
254,smithers,54.7804,-127.1743,19.18,34,100,2.06,CA,1717914850
255,constanti,41.1536,1.2106,21.88,87,75,4.47,ES,1717914851
256,puerto lempira,15.2667,-83.7667,26.4,92,100,2.01,HN,1717914853
257,vredendal,-31.6683,18.5012,15.0,43,51,4.02,ZA,1717914854
258,brixham,50.3943,-3.5159,13.37,86,0,2.86,GB,1717914855
259,moses lake,47.1301,-119.2781,20.38,39,0,1.54,US,1717914702
260,ati,13.2154,18.3353,34.67,30,78,5.38,TD,1717914857
261,longyearbyen,78.2186,15.6401,1.91,69,75,7.2,SJ,1717914858
262,bechar,31.6167,-2.2167,23.18,35,72,1.03,DZ,1717914860
263,howrah,22.5892,88.3103,37.0,59,20,3.09,IN,1717914861
264,forest,37.3638,-79.2897,19.38,79,0,0.0,US,1717914286
265,arraial do cabo,-22.9661,-42.0278,21.79,81,1,7.31,BR,1717914614
266,monte cristo,-31.3431,-63.9444,17.64,62,100,3.31,AR,1717914864
267,mogocha,53.7333,119.7667,21.57,24,94,1.94,RU,1717914865
268,awjilah,29.1081,21.2869,29.0,32,0,2.92,LY,1717914867
269,plouzane,48.3833,-4.6167,12.18,87,75,2.06,FR,1717914868
270,port alfred,-33.5906,26.891,15.79,60,0,2.03,ZA,1717914756
271,narrabri,-30.3167,149.7833,13.78,65,98,2.88,AU,1717914871
272,duverge,18.3784,-71.5247,25.26,90,100,1.41,DO,1717914873
273,viale,-31.8678,-60.0072,21.4,71,100,6.37,AR,1717914874
274,kas,36.2018,29.6377,29.69,45,0,2.81,TR,1717914875
275,gizo,-8.103,156.8419,28.87,78,32,2.88,SB,1717914876
276,yerofey pavlovich,53.9667,121.9667,20.35,32,100,2.99,RU,1717914744
277,guerrero negro,27.9769,-114.0611,15.79,89,30,6.33,MX,1717914878
278,nanfeng,23.7434,111.7959,28.75,87,100,1.83,CN,1717914668
279,yarmouth,41.7057,-70.2286,17.76,90,0,1.34,US,1717914695
280,alice springs,-23.7,133.8833,20.75,35,0,2.57,AU,1717914614
281,norman gardens,-23.3224,150.5393,24.29,42,0,2.57,AU,1717914883
282,lycksele,64.5954,18.6735,11.93,62,40,6.17,SE,1717914886
283,ovalle,-30.5983,-71.2003,13.21,89,100,1.16,CL,1717914889
284,krasnyy chikoy,50.3643,108.7512,29.45,26,58,4.02,RU,1717914890
285,pagar alam,-4.0167,103.2667,24.65,93,97,0.66,ID,1717914744
286,saint-leu,-21.15,55.2833,26.48,70,1,1.65,RE,1717914892
287,taroa,8.7058,171.2275,28.81,79,23,4.98,MH,1717914894
288,mildura,-34.2,142.15,16.15,65,12,3.53,AU,1717914689
289,new plymouth,-39.0667,174.0833,15.45,100,100,10.07,NZ,1717914717
290,san juan de miraflores,-12.1629,-76.9635,17.32,87,69,5.16,PE,1717914897
291,guadalupe y calvo,26.1,-106.9667,11.04,83,0,2.34,MX,1717914898
292,ocos,14.5094,-92.1933,26.1,89,100,2.69,GT,1717914899
293,nema,57.5067,50.5011,19.69,66,89,3.25,RU,1717914900
294,hami,42.8,93.45,35.2,8,0,4.27,CN,1717914903
295,tsengel,49.4783,100.8894,27.16,22,18,4.2,MN,1717914904
296,jacksonville,30.3322,-81.6556,28.0,87,0,2.06,US,1717914822
297,nantucket,41.2835,-70.0995,17.21,94,0,3.6,US,1717914910
298,khorixas,-20.3667,14.9667,18.53,22,0,8.32,NA,1717914618
299,tolanaro,-25.0319,46.9987,20.04,64,75,6.17,MG,1717914668
300,bubaque,11.2833,-15.8333,26.29,79,100,3.72,GW,1717914914
301,naze,28.3667,129.4833,27.51,76,38,6.08,JP,1717914689
302,lichinga,-13.3128,35.2406,15.05,88,75,7.2,MZ,1717914660
303,ancud,-41.8697,-73.8203,10.51,92,100,5.79,CL,1717914919
304,langsa,4.4683,97.9683,34.28,53,47,2.62,ID,1717914713
305,beledweyne,4.7358,45.2036,30.84,46,7,9.54,SO,1717914922
306,kralendijk,12.15,-68.2667,28.99,79,75,7.72,BQ,1717914923
307,rongelap,11.1635,166.8941,28.6,82,41,5.97,MH,1717914924
308,ariyalur,11.1333,79.0833,33.66,53,100,6.31,IN,1717914925
309,jalai nur,49.45,117.7,18.77,47,100,2.29,CN,1717914874
310,timaru,-44.4,171.25,9.76,86,99,1.07,NZ,1717914927
311,sur,22.5667,59.5289,35.31,46,8,2.11,OM,1717914929
312,lompoc,34.6391,-120.4579,15.38,88,100,3.6,US,1717914930
313,okha,53.5739,142.9478,7.92,88,99,6.26,RU,1717914931
314,la'ie,21.6477,-157.9253,26.98,77,39,0.89,US,1717914932
315,kill devil hills,36.0307,-75.676,24.99,71,0,5.14,US,1717914933
316,itapema,-27.0903,-48.6114,19.45,99,22,2.08,BR,1717914934
317,susuman,62.7833,148.1667,7.77,41,99,4.02,RU,1717914936
318,st. john's,47.5649,-52.7093,8.97,97,100,3.6,CA,1717914937
319,dompu,-8.5356,118.4622,29.96,66,90,1.62,ID,1717914938
320,yoakum,29.2878,-97.1519,24.64,97,88,2.61,US,1717914939
321,cururupu,-1.8283,-44.8683,23.38,96,28,1.36,BR,1717914940
322,amahai,-3.3333,128.9167,26.74,87,60,4.84,ID,1717914788
323,aykhal,66.0,111.5,22.41,25,92,4.22,RU,1717914944
324,sebdou,34.637,-1.3314,14.61,58,0,2.6,DZ,1717914945
325,chibougamau,49.9168,-74.3659,12.79,100,100,3.09,CA,1717914946
326,shenjiamen,29.9576,122.298,22.3,74,88,3.06,CN,1717914654
327,genhe,50.7833,121.5167,19.89,37,100,4.24,CN,1717914651
328,mudgere,13.1333,75.6333,20.4,92,100,3.54,IN,1717914906
329,alaghsas,17.0187,8.0168,32.94,35,1,3.09,NE,1717914951
330,gonzalez,30.5816,-87.2914,26.38,82,0,2.06,US,1717914952
331,mazagao,-0.115,-51.2894,25.03,98,100,1.4,BR,1717914953
332,kiama,-34.6833,150.8667,17.78,65,92,5.11,AU,1717914954
333,argo,37.6333,22.7333,31.29,36,0,1.97,GR,1717914956
334,bismarck,46.8083,-100.7837,14.25,58,75,2.57,US,1717914957
335,saldanha,-33.0117,17.9442,9.03,69,7,3.17,ZA,1717914958
336,jerantut,3.936,102.3626,29.33,83,98,0.66,MY,1717914959
337,east end,34.5507,-92.341,26.84,94,5,2.38,US,1717914960
338,semnan,35.5729,53.3971,31.43,10,1,3.33,IR,1717914961
339,kupang,-10.1667,123.5833,34.32,52,20,4.12,ID,1717914962
340,kurchatov,51.6601,35.6521,16.23,72,1,3.12,RU,1717914963
341,nova xavantina,-14.6667,-52.35,19.12,67,8,0.4,BR,1717914964
342,luganville,-15.5333,167.1667,25.32,79,43,2.96,VU,1717914966
343,westport,41.1415,-73.3579,20.04,74,0,1.54,US,1717914671
344,solleftea,63.1667,17.2667,12.92,76,100,5.79,SE,1717914972
345,sitka,57.0531,-135.33,11.94,76,75,3.6,US,1717914973
346,quincy,42.2529,-71.0023,19.14,76,100,5.14,US,1717914904
347,lawas,13.764,121.0566,30.9,69,99,5.21,PH,1717914976
348,thames,-37.1333,175.5333,15.62,98,100,2.85,NZ,1717914977
349,puerto ayora,-0.7393,-90.3518,21.97,98,96,1.45,EC,1717914978
350,salavat,53.3837,55.9077,17.38,95,100,4.94,RU,1717914979
351,saint-joseph,-21.3667,55.6167,26.21,77,12,2.1,RE,1717914981
352,mammoth lakes,37.6485,-118.9721,15.4,39,40,0.0,US,1717914982
353,daru,-9.0763,143.2092,26.39,84,63,7.34,PG,1717914985
354,merritt,50.1123,-120.7942,14.07,48,100,0.45,CA,1717914986
355,beau vallon,-20.4189,57.6953,23.45,88,75,5.14,MU,1717914988
356,laguna,38.421,-121.4238,21.12,56,0,4.12,US,1717914989
357,jiayuguan,39.8167,98.3,30.47,8,100,7.25,CN,1717914739
358,eustis,28.8528,-81.6853,28.03,87,0,1.54,US,1717914991
359,kuta,-8.7233,115.1723,26.97,94,75,6.26,ID,1717914992
360,fort st. john,56.2499,-120.8529,7.94,66,75,3.6,CA,1717914743
361,vila franca do campo,37.7167,-25.4333,18.27,99,63,3.48,PT,1717914994
362,kilinochchi,9.3961,80.3982,32.4,57,95,8.87,LK,1717914996
363,podgornoye,51.735,39.1496,22.12,64,0,2.0,RU,1717915000
364,upington,-28.4478,21.2561,8.21,53,0,1.54,ZA,1717915002
365,kaoma,-14.7833,24.8,19.26,52,5,6.81,ZM,1717915003
366,andrychow,49.855,19.3383,18.08,100,100,1.14,PL,1717915004
367,porto torres,40.835,8.3972,24.1,67,94,6.11,IT,1717915005
368,mugia,43.1041,-9.2179,14.39,79,71,8.86,ES,1717915006
369,shimoda,34.6667,138.95,24.2,78,100,3.75,JP,1717914817
370,tofol,5.3248,163.0078,30.88,70,75,3.6,FM,1717915010
371,kuvandyk,51.4781,57.3552,18.55,88,98,5.72,RU,1717915012
372,kertih,4.5141,103.4483,29.01,84,40,1.03,MY,1717914952
373,novo horizonte,-21.4681,-49.2208,15.11,59,95,2.22,BR,1717915014
374,san ignacio,17.1561,-89.0714,24.19,99,100,1.48,BZ,1717915015
375,san luis,-33.295,-66.3356,15.64,76,2,5.53,AR,1717915017
376,casas grandes,30.3667,-107.95,24.2,21,100,5.83,MX,1717915018
377,weiser,44.251,-116.9693,25.11,74,100,2.24,US,1717915020
378,luderitz,-26.6481,15.1594,19.13,29,68,7.9,NA,1717915021
379,mil'kovo,55.6078,37.7956,18.56,60,66,1.96,RU,1717915022
380,syktyvkar,61.6764,50.8099,18.85,63,75,4.0,RU,1717915024
381,taltal,-25.4,-70.4833,15.8,75,100,3.65,CL,1717915025
382,north platte,41.1239,-100.7654,14.48,91,100,4.92,US,1717915027
383,sakakah,29.9697,40.2064,34.76,13,0,1.65,SA,1717914756
384,along,28.1667,94.7667,33.6,51,21,2.19,IN,1717915029
385,veraval,20.9,70.3667,33.23,62,47,7.44,IN,1717914748
386,vilyuysk,63.7553,121.6247,23.89,29,6,1.34,RU,1717915032
387,ocean shores,46.9737,-124.1563,13.34,89,0,3.6,US,1717915033
388,punta arenas,-53.15,-70.9167,1.06,80,100,2.57,CL,1717915034
389,onega,63.9061,38.1404,15.45,55,14,2.03,RU,1717915035
390,chinde,26.8418,88.0763,26.3,61,42,1.81,NP,1717915037
391,shibetsu,43.659,145.132,20.39,73,75,7.2,JP,1717914948
392,hasaki,35.7333,140.8333,24.22,75,100,4.47,JP,1717914742
393,ringkobing,56.0901,8.244,10.99,71,20,4.12,DK,1717915040
394,kirksville,40.1948,-92.5833,17.12,85,0,1.54,US,1717915041
395,taoudenni,22.6783,-3.9836,36.01,14,28,5.76,ML,1717915043
396,uliastay,47.7417,96.8444,23.21,24,97,5.13,MN,1717915044
397,podborany,50.2294,13.4119,19.19,72,1,1.52,CZ,1717915045
398,kontcha,7.9667,12.2333,24.16,86,100,1.5,CM,1717915046
399,assens,55.2702,9.9008,11.94,78,100,8.93,DK,1717915048
400,katsuura,35.1333,140.3,21.62,78,100,4.13,JP,1717914824
401,woburn sands,52.0158,-0.6498,12.37,86,14,1.34,GB,1717915050
402,gandarbal,34.2333,74.7833,24.16,39,1,2.79,IN,1717914774
403,pontassieve,43.7737,11.4282,25.42,72,0,1.03,IT,1717915053
404,arafat,21.3594,39.9664,42.24,11,9,3.93,SA,1717915054
405,port shepstone,-30.7414,30.455,15.26,64,0,2.76,ZA,1717915056
406,bol,13.4586,14.7147,28.36,69,33,7.33,TD,1717915057
407,san patricio,28.017,-97.5169,28.94,82,100,4.75,US,1717915062
408,flying fish cove,-10.4217,105.6791,26.82,83,100,4.63,CX,1717915064
409,vershino-darasunskiy,52.35,115.5167,10.17,86,100,2.14,RU,1717915065
410,amga,60.8953,131.9608,22.82,28,7,2.46,RU,1717915071
411,mbanza-ngungu,-5.25,14.8667,18.47,94,100,2.64,CD,1717914870
412,concepcion,-36.827,-73.0498,12.89,100,100,6.69,CL,1717914826
413,vadso,70.0744,29.7487,4.49,87,100,5.66,NO,1717915075
414,torghay,49.6339,63.4981,29.68,34,0,6.71,KZ,1717915076
415,nguigmi,14.2495,13.1092,32.54,43,77,7.91,NE,1717914954
416,mangrol,21.1167,70.1167,32.78,61,95,7.08,IN,1717915024
417,stonehaven,56.9637,-2.2118,10.13,73,100,5.89,GB,1717915080
418,zaxo,37.1482,42.7001,34.41,20,100,0.88,IQ,1717914969
419,malvan,16.0667,73.4667,27.43,81,100,4.33,IN,1717915082
420,sen monorom,12.45,107.2,27.94,66,91,3.25,KH,1717915084
421,as sulayyil,20.4607,45.5779,37.14,7,0,2.81,SA,1717915085
422,forster,-32.1667,152.5167,16.83,73,60,3.7,AU,1717915086
423,gaspe,48.8334,-64.4819,10.12,100,100,1.03,CA,1717915088
424,ust-tsilma,65.441,52.1498,7.01,79,100,2.24,RU,1717915089
425,palu,-0.8917,119.8707,29.18,88,58,1.39,ID,1717915090
426,tarnogskiy gorodok,60.4997,43.5761,14.79,80,84,3.38,RU,1717915091
427,muang khong,14.1167,105.85,30.28,78,100,1.89,LA,1717915093
428,carloforte,39.145,8.3058,21.58,88,8,4.41,IT,1717915094
429,clarence town,-32.5833,151.7833,17.14,63,99,3.77,AU,1717915093
430,manjeshvar,12.7,74.8833,24.66,84,100,5.0,IN,1717915096
431,apartado,7.883,-76.6259,24.85,97,100,1.88,CO,1717915097
432,fort irwin,35.2627,-116.6848,27.74,26,0,6.17,US,1717915099
433,tangalle,6.024,80.7911,28.49,81,100,6.88,LK,1717915100
434,hengchun,22.0042,120.7439,29.79,72,24,5.26,TW,1717915101
435,fort bragg,35.139,-79.006,21.91,78,40,1.54,US,1717914839
436,beatrice,40.2681,-96.747,18.43,88,40,1.54,US,1717915104
437,katabu,-4.9333,122.5167,29.78,63,82,3.93,ID,1717915106
438,kolonia,50.9333,6.95,16.14,75,20,1.03,DE,1717915082
439,acarau,-2.8856,-40.12,24.68,90,43,4.72,BR,1717915108
440,undurkhaan,47.3194,110.6556,29.56,17,55,1.69,MN,1717915109
441,paramonga,-10.6667,-77.8333,18.22,83,100,4.08,PE,1717915110
442,ustaritz,43.3965,-1.456,18.34,94,100,6.17,FR,1717915112
443,steinkjer,64.193,11.3851,9.52,63,100,4.89,NO,1717915114
444,jurilovca,44.7667,28.8667,25.05,49,8,3.48,RO,1717915116
445,manadhoo,5.7667,73.3833,28.61,77,100,6.77,MV,1717915117
446,san luis de la loma,17.2706,-100.8939,25.67,81,95,2.43,MX,1717915118
447,zhezqazghan,47.7833,67.7667,33.32,17,75,13.0,KZ,1717915122
448,saint-pierre,-21.3393,55.4781,26.82,54,0,1.54,RE,1717915123
449,ulsteinvik,62.3432,5.8487,10.97,90,100,2.24,NO,1717915124
450,sidi akkacha,36.4647,1.3026,22.16,49,0,5.41,DZ,1717915125
451,tosontsengel,48.7567,98.2839,24.14,22,21,4.73,MN,1717915127
452,al qitena,14.8648,32.3668,35.22,31,100,6.23,SD,1717914967
453,ivdel',60.6911,60.4206,20.01,48,25,3.13,RU,1717914964
454,port saint john's,-31.6229,29.5448,15.95,64,0,2.57,ZA,1717915131
455,panguipulli,-39.6333,-72.3333,10.14,96,100,2.03,CL,1717915132
456,puerto del rosario,28.5004,-13.8627,19.86,77,20,2.57,ES,1717915134
457,masindi,1.6744,31.715,20.38,89,100,0.54,UG,1717915135
458,vanino,49.0869,140.2543,16.07,93,100,2.77,RU,1717915136
459,peterhead,57.5058,-1.7981,9.22,71,45,10.96,GB,1717915137
460,ugoofaaru,5.6667,73.0,28.56,77,100,6.47,MV,1717915139
461,mancio lima,-7.6142,-72.8958,22.61,89,99,0.81,BR,1717915140
462,zayed city,24.3768,54.589,38.08,32,0,7.72,AE,1717915141
463,tanout,14.9709,8.8879,31.25,44,36,6.09,NE,1717914955
464,mbekenyera,-10.0,38.9833,24.7,56,0,4.51,TZ,1717915144
465,weno,7.4515,151.8468,28.97,84,100,2.06,FM,1717915146
466,ada,43.4166,-116.1262,23.75,47,0,2.06,US,1717915147
467,al hufuf,25.3646,49.5653,36.19,30,0,5.14,SA,1717915148
468,almeirim,-1.5233,-52.5817,22.76,98,47,1.04,BR,1717915149
469,waddan,29.1614,16.139,28.93,20,0,2.79,LY,1717915150
470,albertina,-22.2008,-46.6158,13.02,78,9,2.48,BR,1717915152
471,troitsko-pechorsk,62.7084,56.1964,19.83,49,84,4.47,RU,1717915153
472,campo gallo,-26.5833,-62.85,24.12,39,11,6.58,AR,1717915154
473,labatlan,47.7473,18.4962,22.55,78,100,4.95,HU,1717915155
474,faya-largeau,17.9257,19.1043,36.54,13,25,10.56,TD,1717915157
475,poronaysk,49.2167,143.1167,15.95,70,100,6.79,RU,1717915158
476,soto la marina,23.7667,-98.2167,24.96,87,55,1.55,MX,1717915160
477,ajacuba,20.0875,-99.1125,16.16,78,88,1.12,MX,1717915161
478,road town,18.4167,-64.6167,28.19,78,100,5.8,VG,1717915162
479,puerto santa,-8.9906,-78.6456,17.43,89,99,4.61,PE,1717915165
480,tucuma,-0.1833,-50.05,24.29,92,36,2.35,BR,1717915166
481,ewo,-0.8725,14.8206,25.68,77,94,3.37,CG,1717915168
482,kone,-21.0595,164.8658,24.26,76,96,1.56,NC,1717915169
483,palikir - national government center,6.9248,158.1611,26.41,89,100,1.54,FM,1717915171
484,polyarnyy,69.1989,33.4478,6.13,77,93,4.38,RU,1717915149
485,maragogi,-9.0122,-35.2225,24.22,89,5,2.92,BR,1717915174
486,kotma,23.2,81.9667,41.85,16,37,2.13,IN,1717914881
487,mosjoen,65.836,13.1908,15.29,44,20,3.6,NO,1717915176
488,amplepuis,45.9726,4.3316,16.7,93,100,1.48,FR,1717915177
489,riachao,-7.3619,-46.6172,21.26,77,23,2.08,BR,1717915178
490,paka,4.6374,103.4368,28.96,84,40,1.03,MY,1717915179
491,apolinario saravia,-24.4328,-63.9954,18.17,61,37,2.99,AR,1717915181
492,san julian,21.0167,-102.1667,20.16,50,100,2.14,MX,1717915182
493,funafuti,-8.5243,179.1942,26.0,94,75,5.66,TV,1717915185
494,west end,26.6833,-78.9667,26.99,76,1,5.61,BS,1717915186
495,walvis bay,-22.9575,14.5053,22.94,21,0,8.86,NA,1717914953
496,beinamar,8.6698,15.3813,27.0,67,95,2.86,TD,1717915188
497,bamako,12.65,-8.0,28.23,69,20,1.54,ML,1717915030
498,nova sintra,14.8667,-24.7167,20.33,80,3,5.03,CV,1717915191
499,nicoya,10.1483,-85.452,23.36,96,96,1.03,CR,1717915192
500,bardai,11.65,7.2333,25.87,65,56,5.74,NG,1717915193
501,mantua,45.1667,10.7833,24.64,88,100,0.89,IT,1717915194
502,san ignacio de velasco,-16.3667,-60.95,17.25,63,84,1.56,BO,1717915196
503,richards bay,-28.783,32.0377,17.49,56,0,1.69,ZA,1717915197
504,dunedin,-45.8742,170.5036,8.78,90,100,0.89,NZ,1717915198
505,cooma,-36.2333,149.1333,7.62,83,21,0.61,AU,1717915200
506,aswan,24.0934,32.907,37.61,15,0,5.14,EG,1717915201
507,yeniseysk,58.4497,92.1703,14.97,60,90,4.92,RU,1717915203
508,kendari,-3.945,122.4989,28.18,75,98,2.56,ID,1717915189
509,ataq,14.5377,46.8319,31.87,27,5,5.43,YE,1717915206
510,beaufort west,-32.3567,22.583,11.99,48,0,1.88,ZA,1717915207
511,egilsstadir,65.2653,-14.3948,4.95,93,75,0.51,IS,1717915210
512,trinity beach,-16.7888,145.6968,23.94,53,0,7.2,AU,1717915211
513,isangel,-19.55,169.2667,23.93,86,100,3.09,VU,1717915212
514,mindelo,16.8901,-24.9804,22.75,73,40,6.69,CV,1717914932
515,nelson bay,-32.7167,152.15,17.22,74,50,0.45,AU,1717915215
516,padang,-0.9492,100.3543,31.03,84,100,1.19,ID,1717914991
517,shakhtersk,48.0625,38.5167,24.27,54,49,3.53,UA,1717915217
518,murzuq,25.9155,13.9184,29.26,12,0,5.73,LY,1717915099
519,aioun,16.6614,-9.6149,30.43,45,95,7.32,MR,1717915220
520,aigio,38.2486,22.0819,30.03,55,0,0.83,GR,1717915221
521,ankang,32.68,109.0172,28.27,52,100,0.39,CN,1717915222
522,geraldton,-28.7667,114.6,21.23,73,100,8.75,AU,1717914643
523,thunder bay,48.4001,-89.3168,11.99,87,100,4.12,CA,1717915178
524,nurota,40.5614,65.6886,34.18,16,15,2.74,UZ,1717915226
525,crane,31.3974,-102.3501,27.1,45,3,9.0,US,1717915228
526,tamanrasset,22.785,5.5228,29.95,9,0,7.2,DZ,1717915229
527,kyren,51.6828,102.1408,26.08,39,97,3.58,RU,1717915230
528,urbano santos,-3.2078,-43.4036,23.05,94,10,0.06,BR,1717915232
529,punta cana,18.5818,-68.4043,26.87,89,20,0.0,DO,1717915233
530,canto do buriti,-8.11,-42.9444,26.1,55,100,3.51,BR,1717915234
531,fortuna,40.5982,-124.1573,14.08,94,100,2.57,US,1717915235
532,dubbo,-32.25,148.6167,12.07,71,100,5.14,AU,1717914960
533,san sebastian de la gomera,28.0916,-17.1133,21.32,82,20,0.51,ES,1717915238
534,batatais,-20.8911,-47.585,13.99,71,28,1.8,BR,1717915239
535,swan hill,-35.3378,143.5544,14.37,68,89,2.79,AU,1717915241
536,betio village,1.358,172.9211,29.02,75,14,5.65,KI,1717915242
537,copiapo,-27.3667,-70.3333,9.83,97,9,1.09,CL,1717915244
538,sampang,-7.1872,113.2394,29.83,70,73,5.05,ID,1717915245
539,laojunmiao,39.8333,97.7333,26.12,9,100,6.32,CN,1717915246
540,ramshir,30.8946,49.4092,38.92,13,0,5.18,IR,1717915247
541,boa vista,2.8197,-60.6733,23.99,100,100,2.06,BR,1717915249
542,qulsary,46.9531,54.0198,29.64,37,0,4.6,KZ,1717915151
543,danjiangkou,32.5428,111.5086,32.13,38,100,2.09,CN,1717915251
544,quixeramobim,-5.1992,-39.2928,22.37,95,100,1.25,BR,1717915252
545,inarajan village,13.2736,144.7484,31.54,83,89,5.41,GU,1717915254
546,pyu,18.4833,96.4333,32.51,64,75,2.73,MM,1717915260
547,nikel,69.4128,30.222,4.1,72,62,4.31,RU,1717915261
548,christchurch,-43.5333,172.6333,14.27,85,75,4.12,NZ,1717915263
549,mota del cuervo,39.5101,-2.8738,16.76,62,11,6.81,ES,1717915264
550,cidade velha,14.9167,-23.6167,22.26,78,20,5.14,CV,1717915265
551,luanda,-8.8368,13.2343,23.0,83,75,2.06,AO,1717914947
552,daulatpur,26.5015,67.9706,40.37,22,0,0.76,PK,1717915269
553,yuzawa,39.1667,140.5,22.29,72,100,4.14,JP,1717915105
554,karratha,-20.7377,116.8463,23.92,48,5,5.33,AU,1717915271
555,korla,41.7597,86.1469,32.42,15,2,2.28,CN,1717915273
556,viedma,-40.8135,-62.9967,14.65,98,100,1.77,AR,1717915275
557,kourou,5.1552,-52.6478,24.03,91,29,2.13,GF,1717915276
558,krapivinskiy,54.9992,86.8133,16.06,68,100,3.86,RU,1717915277
559,mili,6.0815,171.735,28.82,76,100,5.63,MH,1717915278
560,santa terezinha,-29.9002,-50.0904,17.3,87,12,2.72,BR,1717915280
561,huarmey,-10.0681,-78.1522,17.98,86,75,4.32,PE,1717915281
562,i-n-salah,27.1935,2.4607,36.45,10,89,2.1,DZ,1717915282
563,yanchep,-31.55,115.6833,20.07,56,100,8.75,AU,1717915237
564,maasim,5.8575,125.0061,33.94,71,94,2.9,PH,1717915285
565,batarasa,8.6617,117.6222,30.37,66,89,3.35,PH,1717915286
566,borogontsy,62.6683,131.1683,21.92,26,18,0.9,RU,1717915290
567,cockburn town,21.4612,-71.1419,27.84,84,100,6.29,TC,1717915291
